ID,LastName,FirstName,Pos,CapHit
8475168,Duchene,Matt,C,4500000.0
8476483,Rakell,Rickard,R,5000000.0
8477949,Tuch,Alex,R,4750000.0
8471685,Kopitar,Anze,C,7000000.0
8475172,Kadri,Nazem,C,7000000.0
8478449,Hintz,Roope,C,8450000.0
8481656,Protas,Aliaksei,C,3375000.0
8475798,Granlund,Mikael,C,7000000.0
8479400,Dubois,Pierre-Luc,L,8500000.0
8475810,Rust,Bryan,R,5125000.0
8476880,Wilson,Tom,R,6500000.0
8477951,Schmaltz,Nick,C,5850000.0
8477940,Ehlers,Nikolaj,L,8500000.0
8477987,Donato,Ryan,C,4000000.0
8476459,Zibanejad,Mika,C,8500000.0
8476456,Huberdeau,Jonathan,L,10500000.0
8476881,Hertl,Tomas,C,6750000.0
8474141,Kane,Patrick,R,3000000.0
8476389,Trocheck,Vincent,C,5625000.0
8478519,Cirelli,Anthony,C,6250000.0
8482720,Knies,Matthew,L,7750000.0
8476882,Teravainen,Teuvo,C,5400000.0
8479987,Geekie,Morgan,C,5500000.0
8477497,Monahan,Sean,C,5500000.0
8477402,Buchnevich,Pavel,L,8000000.0
8477500,Horvat,Bo,C,8500000.0
8476539,Marchessault,Jonathan,C,5500000.0
8475754,Nelson,Brock,C,7500000.0
8478873,Terry,Troy,R,7000000.0
8475692,Zuccarello,Mats,R,4125000.0
8475314,Lee,Anders,L,7000000.0
8480802,McLeod,Ryan,C,5000000.0
8477409,Verhaeghe,Carter,C,7000000.0
8475158,O'Reilly,Ryan,C,4500000
8475722,Zucker,Jason,L,4750000.0
8478414,Meier,Timo,R,8800000.0
8474578,Karlsson,Erik,D,10000000.0
8477935,Bennett,Sam,C,8000000.0
8477964,Barbashev,Ivan,C,5000000.0
8473419,Marchand,Brad,C,5250000.0
8476905,Stephenson,Chandler,C,6250000.0
8482149,Perfetti,Cole,C,3250000.0
8478856,Garland,Conor,R,4950000.0
8471215,Malkin,Evgeni,C,6100000.0
8473512,Giroux,Claude,R,2000000.0
8475170,Schenn,Brayden,C,6500000.0
8478444,Boeser,Brock,R,7250000.0
8476454,Nugent-Hopkins,Ryan,C,5125000.0
8475768,Schwartz,Jaden,L,5500000.0
8473994,Benn,Jamie,L,1000000.0
8475151,Palmieri,Kyle,C,4750000.0
8478498,DeBrusk,Jake,L,5500000.0
8480830,Svechnikov,Andrei,R,7750000.0
8481716,Voronkov,Dmitri,L,4175000.0
8478975,Marchment,Mason,L,4500000.0
8478401,Zacha,Pavel,C,4750000.0
8477346,Weegar,MacKenzie,D,6250000.0
8477496,Lindholm,Elias,C,7750000.0
8482089,Neighbours,Jake,L,3750000.0
8480459,Suter,Pius,C,4125000.0
8480849,Hayton,Barrett,C,2650000.0
8477998,Foegele,Warren,L,3500000.0
8477416,Bjorkstrand,Oliver,R,5400000.0
8477479,Bertuzzi,Tyler,L,5500000.0
8482157,Cuylle,Will,L,3900000.0
8481601,Holmstrom,Simon,R,3625000.0
8478366,Vatrano,Frank,R,4571189.0
8477476,Lehkonen,Artturi,L,4500000.0
8482113,Lundell,Anton,C,5000000.0
8476461,Couturier,Sean,C,7750000.0
8478469,Chabot,Thomas,D,8000000.0
8481554,Kakko,Kaapo,R,4525000.0
8478038,Toews,Devon,D,7250000.0
8482159,Foerster,Tyson,R,3750000.0
8476479,Danault,Phillip,C,5500000.0
8480015,Tippett,Owen,R,6200000.0
8482665,Beniers,Matthew,C,7142857.0
8482155,Laferriere,Alex,R,4100000.0
8476419,Pageau,Jean-Gabriel,C,5000000.0
8475791,Hall,Taylor,L,3166667.0
8480188,Zetterlund,Fabian,L,4275000.0
8481553,Brink,Bobby,R,1500000.0
8476474,Noesen,Stefan,R,2750000.0
8477426,Paul,Nick,L,3150000
8476458,Strome,Ryan,C,5000000.0
8477986,Montour,Brandon,D,7142857.0
8480748,Sherwood,Kiefer,L,1500000.0
8479353,Howden,Brett,C,2500000.0
8474149,Dadonov,Evgenii,R,1000000.0
8476891,Grzelcyk,Matt,,2750000
8478013,Walman,Jake,D,3400000.0
8479675,Moore,Trevor,L,4200000.0
8475191,Smith,Reilly,R,2000000.0
8479999,Mittelstadt,Casey,C,5750000.0
8475764,Fowler,Cam,D,4000000.0
8482671,Power,Owen,D,8350000.0
8476462,Hamilton,Dougie,D,9000000.0
8482097,Quinn,Jack,R,3375000.0
8478458,Roslovic,Jack,,0.0
8476399,Coleman,Blake,L,4900000.0
8480145,Pionk,Neal,D,7000000.0
8478396,Hanifin,Noah,D,7350000.0
8478407,Dunn,Vince,D,7350000.0
8476480,Namestnikov,Vladislav,C,3000000.0
8481524,Byram,Bowen,D,6250000.0
8478047,Bunting,Michael,L,4500000.0
8475848,Gallagher,Brendan,R,6500000.0
8478178,Raddysh,Darren,D,975000.0
8477919,Gaudreau,Frederick,C,2100000.0
8480028,Frost,Morgan,C,4375000.0
8477494,Drouin,Jonathan,L,4000000.0
8480220,Cates,Noah,L,4000000.0
8481596,Pinto,Shane,C,3750000.0
8475799,Niederreiter,Nino,R,4000000.0
8483808,Kuzmenko,Andrei,L,4300000.0
8477444,Burakovsky,Andre,L,5500000.0
8473986,Killorn,Alex,L,6250000.0
8482737,Bolduc,Zack,R,863333.0
8474037,van Riemsdyk,James,L,1000000.0
8478133,Evans,Jake,C,2850000.0
8473533,Staal,Jordan,C,2900000.0
8476921,Martinook,Jordan,L,3050000.0
8482110,Mercer,Dawson,C,4000000.0
8476892,Parayko,Colton,D,6500000.0
8477495,Jones,Seth,D,7000000.0
8484958,Tsyplakov,Maxim,R,2250000.0
8480009,Tolvanen,Eeli,R,3475000.0
8473422,Foligno,Nick,L,4500000.0
8477505,Wennberg,Alexander,C,5000000.0
8475745,Coyle,Charlie,C,5250000.0
8480064,Norris,Joshua,C,7950000
8482092,Greig,Ridly,C,3250000.0
8482259,McMann,Bobby,C,1350000.0
8475149,Johansson,Marcus,L,800000.0
8476392,Lowry,Adam,C,3250000.0
8481624,Mikheyev,Ilya,R,4037500.0
8482511,Lohrei,Mason,D,3200000.0
8482705,Sillinger,Cole,C,2250000.0
8477503,Domi,Max,C,3750000.0
8477989,Dvorak,Christian,C,5400000.0
8475765,Tarasenko,Vladimir,R,4750000.0
8480829,Kotkaniemi,Jesperi,C,4820000.0
8475218,Ekholm,Mattias,D,6000000.0
8478500,Provorov,Ivan,D,8500000.0
8476869,Skjei,Brady,D,7000000.0
8479425,Hronek,Filip,D,7250000.0
8477932,Ekblad,Aaron,D,6100000.0
8474565,Pietrangelo,Alex,,8800000.0
8477498,Nurse,Darnell,D,9250000.0
8480762,Robinson,Eric,L,1700000.0
8479671,Olivier,Mathieu,R,3000000.0
8478542,Rodrigues,Evan,C,3000000.0
8481068,Sharangovich,Yegor,C,5750000.0
8474150,Backlund,Mikael,C,4500000.0
8477456,Compher,J.T.,L,5100000
8474716,Spurgeon,Jared,D,7575000.0
8482762,Edvinsson,Simon,D,894167.0
8482713,Samoskevich,Mackie,R,775000.0
8480068,Poehling,Ryan,C,1900000.0
8476872,Laughton,Scott,L,1500000.0
8478462,Roy,Nicolas,C,3000000.0
8480113,Iafallo,Alex,L,3666667.0
8478397,Andersson,Rasmus,D,4550000.0
8476875,Matheson,Mike,D,4875000.0
8476826,Gourde,Yanni,C,2333333.0
8478055,Forsling,Gustav,D,5750000.0
8474151,McDonagh,Ryan,D,6750000.0
8477015,Brown,Connor,R,3000000.0
8470621,Perry,Corey,R,2000000.0
8478434,Kolesar,Keegan,R,2500000.0
8476438,Saad,Brandon,L,2000000.0
8480873,Sandin,Rasmus,D,4600000.0
8481568,Vlasic,Alex,D,4600000.0
8478882,Gavrikov,Vladislav,D,7000000.0
8471724,Letang,Kris,D,6100000.0
8477948,Sanheim,Travis,D,6250000.0
8475184,Kreider,Chris,L,6500000.0
8482122,Faber,Brock,D,8500000.0
8478109,Olofsson,Victor,L,1575000.0
8480891,Kesselring,Michael,D,1400000.0
8478046,Heinen,Danton,L,2250000.0
8475784,Skinner,Jeff,L,3000000.0
8476469,Armia,Joel,R,2500000.0
8475171,Ekman-Larsson,Oliver,D,3500000.0
8475220,Foligno,Marcus,L,4000000.0
8479525,Colton,Ross,C,4000000.0
8477969,Pettersson,Marcus,D,5500000.0
8481598,Broberg,Philip,D,4580917.0
8478493,Eriksson Ek,Joel,C,5250000.0
8476448,Karlsson,William,C,5900000.0
8470613,Burns,Brent,D,1000000.0
8484145,Benson,Zach,L,950000.0
8481522,Krebs,Peyton,C,1450000.0
8481606,Spence,Jordan,D,1500000.0
8478831,Stenlund,Kevin,C,2000000.0
8474679,Nyquist,Gustav,R,3250000.0
8477021,Kerfoot,Alexander,C,3000000
8476457,Larsson,Adam,D,5250000.0
8478233,Mangiapane,Andrew,L,3600000.0
8476292,Palat,Ondrej,L,6000000.0
8475200,Orlov,Dmitry,D,6500000.0
8476871,Pearson,Tanner,L,1000000.0
8482074,Zary,Connor,C,3775000.0
8479390,Raddysh,Taylor,R,1500000.0
8475343,Dowd,Nic,C,3000000.0
8480855,McBain,Jack,C,4250000.0
8478020,Amadio,Michael,R,2600000.0
8474641,Henrique,Adam,C,3000000.0
8480817,Miller,K'Andre,D,7500000
8478042,Arvidsson,Viktor,L,4000000.0
8476958,Slavin,Jaccob,D,6395955.0
8476981,Anderson,Josh,R,5500000.0
8478874,Gaudette,Adam,R,2000000.0
8476927,Blueger,Teddy,C,1800000.0
8479371,Fabbro,Dante,D,4125000.0
8481618,Newhook,Alex,C,2900000.0
8477451,Hartman,Ryan,R,4000000.0
8480078,Chytil,Filip,C,4437500.0
8474586,Eberle,Jordan,R,4750000.0
8476902,Lindell,Esa,D,5250000.0
8481532,Turcotte,Alex,C,775000.0
8482858,Evans,Ryker,D,2050000.0
8482055,O'Connor,Drew,L,2500000
8481028,Pospisil,Martin,C,1000000.0
8481535,Hoglander,Nils,L,3000000.0
8479351,Steel,Sam,C,2100000.0
8478463,Beauvillier,Anthony,L,2750000.0
8480796,Fehervary,Martin,,2675000.0
8476967,Kulak,Brett,D,2750000.0
8478851,Carrier,Alexandre,D,3750000.0
8480797,Farabee,Joel,L,5000000.0
8476923,Severson,Damon,D,6250000.0
8481013,Berggren,Jonatan,R,1825000.0
8481577,Tomasino,Philip,C,1750000.0
8481617,Podkolzin,Vasily,R,1000000.0
8474574,Myers,Tyler,D,3000000.0
8480185,Luostarinen,Eetu,C,3000000.0
8476879,Ceci,Cody,D,4500000.0
8479998,Anderson,Mikey,D,4125000.0
8479398,Girard,Samuel,D,5000000.0
8478911,Roy,Matt,D,5750000.0
8481641,Kiviranta,Joel,L,1250000.0
8480003,Boqvist,Jesper,C,1500000.0
8476931,McCabe,Jake,D,4491898.0
8477429,Copp,Andrew,C,5625000.0
8477506,Pulock,Ryan,D,6150000.0
8475763,Hayes,Kevin,R,3571429.0
8479325,McAvoy,Charlie,D,9500000.0
8479638,Brazeau,Justin,R,1500000.0
8481032,Cotter,Paul,C,775000.0
8481582,Robertson,Nicholas,L,1825000.0
8482117,Reichel,Lukas,L,1200000.0
8478891,Appleton,Mason,C,2900000.0
8474189,Eller,Lars,C,1250000.0
8478859,Mikkola,Niko,D,2500000.0
8479996,Glass,Cody,C,2500000.0
8475208,Dumoulin,Brian,D,4000000.0
8481523,Dach,Kirby,C,3362500.0
8479293,Tanev,Brandon,L,2500000.0
8478438,Novak,Thomas,C,3500000
8479324,Lindgren,Ryan,D,4500000.0
8477507,Zadorov,Nikita,D,5000000.0
8481186,O'Connor,Logan,R,2500000
8479941,Danforth,Justin,R,1800000.0
8479520,Duhaime,Brandon,R,1850000.0
8482073,Schneider,Braden,D,2200000.0
8477903,Hathaway,Garnet,R,2400000.0
8479387,Middleton,Jacob,D,4350000
8476925,Sissons,Colton,C,1428572.0
8477845,van Riemsdyk,Trevor,D,3000000.0
8475287,Haula,Erik,L,3150000.0
8479992,Rasmussen,Michael,C,3200000.0
8475324,Jensen,Nick,D,4050000.0
8478416,Cernak,Erik,D,5200000.0
8476917,Pelech,Adam,D,5750000.0
8475794,Seguin,Tyler,C,9850000.0
8475842,Carrick,Sam,C,1000000.0
8480049,Samberg,Dylan,D,5750000.0
8476897,Sundqvist,Oskar,C,1500000.0
8476372,Seeler,Nick,D,2700000.0
8475188,McNabb,Brayden,D,3650000.0
8476441,Edmundson,Joel,D,3850000.0
8476463,Brodin,Jonas,D,6000000.0
8481014,Romanov,Alexander,D,6250000.0
8480860,Bahl,Kevin,D,5350000.0
8481481,Lizotte,Blake,C,1850000.0
8482142,Drysdale,Jamie,D,2300000.0
8482201,Goncalves,Gage,C,1200000.0
8482803,Zellweger,Olen,D,844167.0
8480246,Perbix,Nicklaus,D,2750000
8480995,Holmberg,Pontus,R,1550000.0
8480448,Kelly,Parker,C,825000.0
8481592,Pelletier,Jakob,L,775000.0
8482659,Doan,Josh,R,925000.0
8482929,Lilleberg,Emil,D,800000.0
8483490,Mintyukov,Pavel,D,918333.0
8475760,Bjugstad,Nick,C,1750000.0
8476473,Murphy,Connor,D,4400000.0
8476432,Jenner,Boone,C,3750000.0
8477220,Schmidt,Nate,D,3500000.0
8477499,Ristolainen,Rasmus,D,5100000.0
8477380,Brodzinski,Jonny,C,787500.0
8478904,Lorentz,Steven,C,1350000.0
8479619,Carcone,Michael,L,775000.0
8484540,Smith,Craig,D,0.0
8475690,Tanev,Christopher,D,
8476979,Gustafsson,Erik,D,2000000.0
8477406,Janmark,Mattias,C,1450000.0
8478474,Crouse,Lawson,L,4300000.0
8478970,Chatfield,Jalen,D,3000000.0
8479316,Kunin,Luke,C,775000.0
8480281,Toropchenko,Alexei,R,
8480835,Drury,Jack,C,1725000.0
8481711,Maccelli,Matias,L,3425000.0
8482070,Chaffee,Mitchell,R,800000.0
8482087,Guhle,Kaiden,D,5550000.0
8482476,Heineman,Emil,L,1100000.0
8484304,Balinskis,Uvis,D,850000.0
8479983,Ferraro,Mario,D,3250000.0
8480192,Kovacevic,Johnathan,D,4000000.0
8481043,Koepke,Cole,L,1000000.0
8476278,Blackwell,Colin,C,775000.0
8481546,York,Cameron,D,5150000
8482768,Svechkov,Fyodor,C,925000
8474563,Doughty,Drew,D,11000000.0
8474013,Cole,Ian,D,2800000.0
8475231,Cizikas,Casey,C,2500000.0
8476467,Oleksiak,Jamie,D,4600000.0
8476374,Kuraly,Sean,C,1850000.0
8476873,Jankowski,Mark,C,800000.0
8477488,Pesce,Brett,D,5500000.0
8478421,Greer,A.J.,L,850000
8479369,Peeke,Andrew,D,2750000.0
8479944,Aston-Reese,Zach,C,775000.0
8480043,Liljegren,Timothy,D,3000000.0
8474102,Perron,David,L,4000000.0
8474567,Bogosian,Zach,D,1250000.0
8475462,Gudas,Radko,D,4000000.0
8475455,Dillon,Brenden,D,4000000.0
8477450,Dickinson,Jason,C,4250000.0
8477573,Walker,Nathan,L,775000.0
8479591,Eyssimont,Michael,C,1450000.0
8480001,Vaakanainen,Urho,D,1550000.0
8477365,Clifton,Connor,D,3333333.0
8480336,Walker,Sean,D,3600000.0
8481704,Parssinen,Juuso,C,1250000.0
8483565,Blankenburg,Nick,D,775000.0
8479982,Timmins,Conor,D,2200000.0
8480289,Barron,Morgan,C,1850000.0
8480806,Lundestrom,Isac,C,1300000.0
8478115,Engvall,Pierre,L,3000000.0
8481178,Zamula,Yegor,D,
8482475,Chinakhov,Yegor,R,2100000.0
8482742,L'Heureux,Zachary,L,
8484258,Malinski,Sam,D,1400000.0
8480459,Suter,Ryan,C,0.0
8476393,Cousins,Nick,C,825000.0
8476312,Manson,Josh,D,4500000.0
8476525,Miller,Colin,D,1500000.0
8476889,Faksa,Radek,C,2000000.0
8478508,Trenin,Yakov,C,3500000.0
8478840,Borgen,William,D,
8479365,Frederic,Trent,C,3850000.0
8476885,Trouba,Jacob,D,8000000.0
8477446,McCarron,Michael,R,900000.0
8477953,Kapanen,Kasperi,R,1300000.0
8478057,Joshua,Dakota,C,3250000.0
8478472,Joseph,Mathieu,R,2950000.0
8478507,Marino,John,D,4400000.0
8479378,Stanley,Logan,D,1250000.0
8480950,Lyubushkin,Ilya,D,3250000.0
8480871,Boqvist,Adam,D,850000.0
8480807,Samuelsson,Mattias,D,4285714.0
8480798,Kurashev,Philipp,C,1200000.0
8481477,Sturm,Nico,C,2000000.0
8480355,Kastelic,Mark,C,1566667.0
8482655,Moser,Janis Jérôme,D,
8483447,Geekie,Conor,C,886667.0
8480727,Whitecloud,Zach,D,2750000.0
8480834,Emberson,Ty,D,1300000.0
8479661,Jeannot,Tanner,L,3400000.0
8481593,Struble,Jayden,D,1412500.0
8481563,Helleson,Drew,D,1100000.0
8482245,Zub,Artyom,D,
8482111,Barron,Justin,D,1150000.0
8481789,Kartye,Tye,L,1250000.0
8475179,Kulikov,Dmitry,D,1150000.0
8475279,Chiarot,Ben,D,4750000.0
8477369,Soucy,Carson,D,3250000.0
8479066,Lomberg,Ryan,L,2000000.0
8480144,Kampf,David,C,2400000.0
8478443,Carlo,Brandon,D,3485000.0
8478569,Acciari,Noel,C,2000000.0
8479980,Hague,Nicolas,D,5500000.0
8480990,Chisholm,Declan,D,1600000.0
8481167,Pachal,Brayden,D,1187500.0
8481567,Thrun,Henry,D,1000000.0
8482062,Smith,Cole,L,1000000.0
8482118,Colangelo,Sam,R,850000.0
8482177,Khusnutdinov,Marat,C,925000.0
8480074,Texier,Alexandre,L,2100000.0
8480434,Durzi,Sean,D,6000000.0
8481237,MacLean,Kyle,C,775000.0
8481556,Beecher,John,C,900000.0
8481708,Jones,Zachary,D,
8481725,Soderblom,Elmer,L,1125000.0
8483505,Poitras,Matthew,C,870000.0
8484911,Graf,Collin,R,941667.0
8475762,Forbort,Derek,D,2000000.0
8477407,Duclair,Anthony,L,3500000.0
8477478,Carrier,William,L,2000000.0
8476856,Dumba,Matt,D,
8477851,Oesterle,Jordan,D,775000.0
8479414,Bastian,Nathan,R,775000.0
8479359,Malenstyn,Beck,L,1350000.0
8480035,Jokiharju,Henri,D,3000000.0
8480980,Dewar,Connor,C,1100000.0
8481122,Benoit,Simon,D,1350000.0
8481527,Korczak,Kaedan,D,825000.0
8482095,Kleven,Tyler,D,1600000.0
8482144,Thompson,Jack,D,800000.0
8481607,Johansson,Albert,D,1125000.0
8481726,Edstrom,Adam,C,975000.0
8482624,Miromanov,Daniil,D,1250000.0
8483425,Bichsel,Lian,D,918333.0
8483553,Gatcomb,Marc,C,900000.0
8476429,Mayfield,Scott,D,3500000.0
8477931,Nosek,Tomas,L,775000.0
8478399,Siegenthaler,Jonas,D,3400000.0
8477810,Hanley,Joel,D,1750000.0
8479370,Jost,Tyson,C,775000.0
8479336,Grundstrom,Carl,R,1800000.0
8479372,Mahura,Josh,D,907500.0
8473507,Petry,Jeff,D,775000.0
8475718,Holl,Justin,D,3400000.0
8477425,Wood,Miles,L,2500000.0
8476624,Goodrow,Barclay,R,3641667.0
8477993,Kirkland,Justin,C,900000.0
8478413,Greenway,Jordan,L,4000000.0
8479421,Moverare,Jacob,D,775000.0
8480848,Dellandrea,Ty,C,1300000.0
8480879,Bernard-Docker,Jacob,D,875000.0
8481161,Christiansen,Jake,D,975000.0
8481655,Schwindt,Cole,R,825000.0
8482460,Rempe,Matt,C,975000.0
8482700,Allan,Nolan,D,825000.0
8483429,Casey,Seamus,D,950000.0
8483930,Ivan,Ivan,C,845000.0
8480196,Bryson,Jacob,D,900000.0
8481006,Tucker,Tyler,D,925000.0
8482451,Pyyhtia,Mikael,L,775000.0
8482726,Helenius,Samuel,C,805833.0
8474568,Schenn,Luke,D,2750000.0
8475714,Jarnkrok,Calle,C,2100000.0
8475413,Dowling,Justin,C,775000.0
8474612,Hamonic,Travis,D,1000000.0
8476854,Lindholm,Hampus,D,6500000.0
8477511,Mantha,Anthony,R,2500000.0
8477938,Fleury,Haydn,D,950000.0
8478043,Lafferty,Sam,C,2000000.0
8484810,Fischer,Christian,D,0.0
8478450,Wotherspoon,Parker,D,1000000.0
8479442,Stecher,Troy,D,787500.0
8479402,Bean,Jake,D,1750000.0
8481564,Johnson,Jack,D,0.0
8484540,Smith,Brendan,D,0.0
8476878,Girgensons,Zemgus,C,850000.0
8478424,Harkins,Jansen,C,787500.0
8478502,Gilbert,Dennis,D,875000.0
8481019,Gustafsson,David,C,835000.0
8481024,Karlsson,Linus,C,775000.0
8482496,Aman,Nils,C,825000.0
8482666,Morrow,Scott,D,916667.0
8482964,Xhekaj,Arber,D,1300000.0
8483609,Klapka,Adam,R,1250000.0
8480878,Lundkvist,Nils,D,1250000.0
8480887,Harris,Jordan,D,825000.0
8483489,Minten,Fraser,C,816667.0
8483506,Rinzel,Sam,D,941667.0
8481564,Johnson,Erik,D,0.0
8475181,Leddy,Nick,D,4000000.0
8477508,Lazar,Curtis,C,775000.0
8478854,Shea,Ryan,D,900000.0
8479022,Abols,Rodrigo,C,800000.0
8475790,Gudbranson,Erik,D,4000000.0
8475906,Klingberg,John,D,4000000.0
8477435,Graves,Ryan,D,4500000.0
8477527,Johnston,Ross,L,1100000.0
8479981,Gadjovich,Jonah,L,775000.0
8481560,Kaliyev,Arthur,R,775000.0
8481806,Crevier,Louis,D,900000.0
8482733,Mailloux,Logan,D,875000.0
8484321,Matinpalo,Nikolas,D,875000.0
8478472,Joseph,Pierre-Olivier,R,775000.0
8482516,Kessel,Matthew,D,800000.0
8483460,Jiricek,David,D,918333.0
8480012,Pettersson,Elias,C,11600000.0
8475235,Deslauriers,Nicolas,L,1750000.0
8475766,Watson,Austin,L,775000.0
8477335,Burroughs,Kyle,D,1100000.0
8477971,Englund,Andreas,D,775000.0
8478211,Hunt,Dryden,L,825000.0
8479576,Desharnais,Vincent,D,2000000.0
8471817,Reaves,Ryan,R,1350000.0
8485405,Martin,Matt,C,0.0
8475795,McIlrath,Dylan,D,800000.0
8476422,Reilly,Mike,D,1100000.0
8477018,Hutton,Ben,D,975000.0
8477070,O'Brien,Liam,C,
8477979,Aube-Kubel,Nicolas,R,775000.0
8477401,Hayden,John,C,775000.0
8479387,Middleton,Keaton,D,775000.0
8482775,Kapanen,Oliver,C,925000.0
8483466,Korchinski,Kevin,D,918333.0
8482103,Wiesblatt,Ozzy,R,775000.0
8482101,Gushchin,Danil,L,775000.0
8482088,Sourdif,Justin,R,825000.0
8482641,Kiersted,Matt,D,775000.0
8484241,Wood,Matthew,R,950000.0
8478468,Lauzon,Jeremy,D,2000000.0
8475755,Petrovic,Alexander,D,775000.0
8476952,Toninato,Dominic,C,850000.0
8477073,MacDermid,Kurtis,L,1150000.0
8477947,Milano,Sonny,L,1900000.0
8478454,Juulsen,Noah,D,900000.0
8480823,Alexeyev,Alexander,D,775000.0
8479746,Felhaber,Tye,L,775000.0
8481582,Robertson,Matthew,L,775000.0
8482133,Bordeleau,Thomas,C,775000.0
8482131,Sebrango,Donovan,D,775000.0
8483482,Luneau,Tristan,D,865000.0
