ID,LastName,FirstName,Pos,CapHit,proj_gp,proj_goals,proj_assists,proj_points,proj_ppg,proj_ppa,proj_sog
8482720,Knies,Matthew,L,7750000.0,82,20,27,47,3,9,137
8475168,Duchene,Matt,C,4500000.0,82,28,46,74,7,21,167
8483490,Mintyukov,Pavel,D,918333.0,82,6,17,23,0,4,83
8477949,Tuch,Alex,R,4750000.0,82,33,37,70,4,13,208
8476483,Rakell,Rickard,R,5000000.0,82,28,32,60,8,15,208
8478449,Hintz,Roope,C,8450000.0,82,32,40,72,8,21,183
8481656,Protas,Aliaksei,C,3375000.0,82,19,30,49,0,1,136
8477940,Ehlers,Nikolaj,L,8500000.0,82,26,43,69,4,19,221
8484145,Benson,Zach,L,950000.0,82,11,20,31,3,4,131
8481711,Maccelli,Matias,L,3425000.0,82,0,0,0,0,0,0
8482149,Perfetti,Cole,C,3250000.0,82,18,29,48,5,13,150
8475172,Kadri,Nazem,C,7000000.0,82,31,37,68,10,22,276
8477346,Weegar,MacKenzie,D,6250000.0,82,13,36,49,4,19,195
8483506,Rinzel,Sam,D,941667.0,82,0,0,0,0,0,0
8482762,Edvinsson,Simon,D,894167.0,82,7,25,33,0,0,90
8476459,Zibanejad,Mika,C,8500000.0,82,25,45,70,11,26,208
8476454,Nugent-Hopkins,Ryan,C,5125000.0,82,23,43,66,8,28,182
8482097,Quinn,Jack,R,3375000.0,82,21,28,49,3,12,150
8478444,Boeser,Brock,R,7250000.0,82,30,32,62,11,22,181
8480434,Durzi,Sean,D,6000000.0,82,0,0,0,0,0,0
8481524,Byram,Bowen,D,6250000.0,82,10,30,39,0,3,95
8481554,Kakko,Kaapo,R,4525000.0,82,17,23,40,4,7,121
8478493,Eriksson Ek,Joel,C,5250000.0,82,25,27,52,9,18,250
8478178,Raddysh,Darren,D,975000.0,82,6,32,38,2,9,113
8480830,Svechnikov,Andrei,R,7750000.0,82,25,38,63,9,22,213
8480802,McLeod,Ryan,C,5000000.0,82,17,26,43,0,1,105
8476880,Wilson,Tom,R,6500000.0,82,29,26,55,9,14,182
8475764,Fowler,Cam,D,4000000.0,82,11,40,51,3,15,113
8477951,Schmaltz,Nick,C,5850000.0,82,22,43,65,9,22,176
8482155,Laferriere,Alex,R,4100000.0,82,17,19,36,1,4,183
8477409,Verhaeghe,Carter,C,7000000.0,82,29,36,65,7,18,257
8476389,Trocheck,Vincent,C,5625000.0,82,25,41,66,8,17,210
8478055,Forsling,Gustav,D,5750000.0,82,11,20,32,0,1,200
8482737,Bolduc,Zack,R,863333.0,82,20,17,36,5,8,132
8478397,Andersson,Rasmus,D,4550000.0,82,11,20,31,3,9,165
8477497,Monahan,Sean,C,5500000.0,82,28,44,72,8,17,181
8482733,Mailloux,Logan,D,875000.0,82,0,0,0,0,0,0
8482113,Lundell,Anton,C,5000000.0,82,16,27,43,2,6,168
8483808,Kuzmenko,Andrei,L,4300000.0,82,27,39,66,6,25,135
8473419,Marchand,Brad,C,5250000.0,82,22,29,51,4,14,181
8482142,Drysdale,Jamie,D,2300000.0,82,8,15,23,2,8,74
8477987,Donato,Ryan,C,4000000.0,82,23,25,47,3,9,169
8475810,Rust,Bryan,R,5125000.0,82,34,36,70,5,16,232
8482089,Neighbours,Jake,L,3750000.0,82,25,19,44,7,13,135
8481598,Broberg,Philip,D,4580917.0,82,10,25,35,0,2,117
8481606,Spence,Jordan,D,1500000.0,82,4,25,29,0,5,89
8478013,Walman,Jake,D,3400000.0,82,10,28,37,1,5,184
8482666,Morrow,Scott,D,916667.0,82,0,0,0,0,0,0
8482511,Lohrei,Mason,D,3200000.0,82,5,30,35,1,17,98
8480891,Kesselring,Michael,D,1400000.0,82,7,22,29,1,3,150
8480015,Tippett,Owen,R,6200000.0,82,25,25,50,2,8,242
8479987,Geekie,Morgan,C,5500000.0,82,25,24,50,4,9,143
8483466,Korchinski,Kevin,D,918333.0,82,0,0,0,0,0,0
8478401,Zacha,Pavel,C,4750000.0,82,17,36,53,4,11,141
8478469,Chabot,Thomas,D,8000000.0,82,11,36,47,1,9,186
8482159,Foerster,Tyson,R,3750000.0,82,24,16,40,5,8,157
8481596,Pinto,Shane,C,3750000.0,82,22,26,48,4,6,177
8470613,Burns,Brent,D,1000000.0,82,6,23,29,0,3,174
8481553,Brink,Bobby,R,1500000.0,82,14,25,39,3,5,112
8482705,Sillinger,Cole,C,2250000.0,82,14,27,41,2,4,160
8478038,Toews,Devon,D,7250000.0,82,11,37,48,1,4,153
8478414,Meier,Timo,R,8800000.0,82,30,27,57,10,17,251
8480043,Liljegren,Timothy,D,3000000.0,82,0,0,0,0,0,0
8482713,Samoskevich,Mackie,R,775000.0,82,17,18,35,5,13,147
8477964,Barbashev,Ivan,C,5000000.0,82,23,31,54,3,5,126
8478407,Dunn,Vince,D,7350000.0,82,15,42,57,4,18,175
8483429,Casey,Seamus,D,950000.0,82,0,0,0,0,0,0
8477986,Montour,Brandon,D,7142857.0,82,15,26,41,4,15,224
8482858,Evans,Ryker,D,2050000.0,82,6,22,28,1,3,66
8476875,Matheson,Mike,D,4875000.0,82,6,26,32,1,10,153
8473512,Giroux,Claude,R,2000000.0,82,20,39,60,4,19,167
8477948,Sanheim,Travis,D,6250000.0,82,8,22,30,0,2,139
8478519,Cirelli,Anthony,C,6250000.0,82,23,29,53,3,5,153
8482157,Cuylle,Will,L,3900000.0,82,17,18,36,2,3,139
8475906,Klingberg,John,D,4000000.0,82,0,0,0,0,0,0
8480873,Sandin,Rasmus,D,4600000.0,82,4,26,30,1,5,78
8480849,Hayton,Barrett,C,2650000.0,82,15,23,38,5,11,159
8477494,Drouin,Jonathan,L,4000000.0,82,20,45,66,6,22,117
8479425,Hronek,Filip,D,7250000.0,82,7,38,44,0,9,112
8480028,Frost,Morgan,C,4375000.0,82,11,27,37,3,17,152
8476539,Marchessault,Jonathan,C,5500000.0,82,30,33,63,6,21,239
8481527,Korczak,Kaedan,D,825000.0,82,0,0,0,0,0,0
8475191,Smith,Reilly,R,2000000.0,82,13,30,43,3,8,159
8483565,Blankenburg,Nick,D,775000.0,82,0,0,0,0,0,0
8480009,Tolvanen,Eeli,R,3475000.0,82,23,12,35,2,5,139
8483447,Geekie,Conor,C,886667.0,82,0,0,0,0,0,0
8482671,Power,Owen,D,8350000.0,82,7,32,39,1,6,133
8481546,York,Cameron,D,5150000.0,82,0,0,0,0,0,0
8480878,Lundkvist,Nils,D,1250000.0,82,0,0,0,0,0,0
8478975,Marchment,Mason,L,4500000.0,82,26,32,59,6,12,167
8480188,Zetterlund,Fabian,L,4275000.0,82,15,15,30,5,9,180
8482259,McMann,Bobby,C,1350000.0,82,22,16,38,3,7,187
8478856,Garland,Conor,R,4950000.0,82,19,30,49,4,12,181
8477476,Lehkonen,Artturi,L,4500000.0,82,31,26,57,6,12,181
8480459,Suter,Pius,C,4125000.0,82,22,20,42,2,5,135
8480459,Suter,Ryan,C,0.0,82,22,20,42,2,5,135
8482803,Zellweger,Olen,D,844167.0,82,9,17,26,1,7,172
8481523,Dach,Kirby,C,3362500.0,82,14,17,32,1,10,121
